USE `es_extended`;

INSERT INTO `addon_account` (name, label, shared) VALUES
	('society_cardealer','Bilförsäljare',1)
;

INSERT INTO `addon_inventory` (name, label, shared) VALUES
	('society_cardealer','Bilförsäljare',1)
;

INSERT INTO `jobs` (name, label) VALUES
	('cardealer','Bilförsäljare')
;

INSERT INTO `job_grades` (job_name, grade, name, label, salary, skin_male, skin_female) VALUES
	('cardealer',0,'recruit','Hallvärd',10,'{}','{}'),
	('cardealer',1,'novice','Nybörjare',25,'{}','{}'),
	('cardealer',2,'experienced','Erfaren',40,'{}','{}'),
	('cardealer',3,'boss','Chef',0,'{}','{}')
;

CREATE TABLE `cardealer_vehicles` (
	`id` int NOT NULL AUTO_INCREMENT,
	`vehicle` varchar(255) NOT NULL,
	`price` int NOT NULL,

	PRIMARY KEY (`id`)
) ENGINE=InnoDB DEFAULT CHARSET=utf8mb4 COLLATE=utf8mb4_unicode_ci;


CREATE TABLE `vehicle_sold` (
	`client` VARCHAR(50) NOT NULL,
	`model` VARCHAR(50) NOT NULL,
	`plate` VARCHAR(50) NOT NULL,
	`soldby` VARCHAR(50) NOT NULL,
	`date` VARCHAR(50) NOT NULL,

	PRIMARY KEY (`plate`)
) ENGINE=InnoDB DEFAULT CHARSET=utf8mb4 COLLATE=utf8mb4_unicode_ci;


CREATE TABLE `owned_vehicles` (
	`owner` VARCHAR(60) NOT NULL,
	`plate` varchar(12) NOT NULL,
	`vehicle` longtext,
	`type` VARCHAR(20) NOT NULL DEFAULT 'car',
	`job` VARCHAR(20) NULL DEFAULT NULL,
	`stored` TINYINT(1) NOT NULL DEFAULT '0',

	PRIMARY KEY (`plate`)
) ENGINE=InnoDB DEFAULT CHARSET=utf8mb4 COLLATE=utf8mb4_unicode_ci;


CREATE TABLE `rented_vehicles` (
	`vehicle` varchar(60) NOT NULL,
	`plate` varchar(12) NOT NULL,
	`player_name` varchar(255) NOT NULL,
	`base_price` int NOT NULL,
	`rent_price` int NOT NULL,
	`owner` VARCHAR(60) NOT NULL,

	PRIMARY KEY (`plate`)
) ENGINE=InnoDB DEFAULT CHARSET=utf8mb4 COLLATE=utf8mb4_unicode_ci;


CREATE TABLE `vehicle_categories` (
	`name` varchar(60) NOT NULL,
	`label` varchar(60) NOT NULL,

	PRIMARY KEY (`name`)
) ENGINE=InnoDB DEFAULT CHARSET=utf8mb4 COLLATE=utf8mb4_unicode_ci;


INSERT INTO `vehicle_categories` (name, label) VALUES
	('compacts','Småbil'),
	('coupes','Kupé'),
	('sedans','Sedan'),
	('sports','Sportbil'),
	('sportsclassics','Klassik sportbil'),
	('super','Super'),
	('muscle','Muskel'),
	('offroad','Off Road'),
	('suvs','Stadsjeep'),
	('vans','Skåpbil'),
	('motorcycles','Motorcykel')
;

CREATE TABLE `vehicles` (
	`name` varchar(60) NOT NULL,
	`model` varchar(60) NOT NULL,
	`price` int NOT NULL,
	`category` varchar(60) DEFAULT NULL,

	PRIMARY KEY (`model`)
) ENGINE=InnoDB DEFAULT CHARSET=utf8mb4 COLLATE=utf8mb4_unicode_ci;


INSERT INTO `vehicles` (name, model, price, category) VALUES
	('Adder', 'adder', 900000, 'super'),
	('Akuma', 'AKUMA', 7500, 'motorcycles'),
	('Alpha', 'alpha', 60000, 'sports'),
	('Ardent', 'ardent', 1150000, 'sportsclassics'),
	('Asbo', 'asbo', 306000, 'compacts'),
	('Asea', 'asea', 5500, 'sedans'),
	('Astron', 'astron', 1580000, 'suvs'),
	('Autarch', 'autarch', 1955000, 'super'),
	('Avarus', 'avarus', 18000, 'motorcycles'),
	('Bagger', 'bagger', 13500, 'motorcycles'),
	('Baller', 'baller2', 90000, 'suvs'),
	('Baller LE', 'baller3', 149000, 'suvs'),
	('Baller LE LWB', 'baller4', 247000, 'suvs'),
	('Baller ST', 'baller7', 667500, 'suvs'),
	('Banshee', 'banshee', 70000, 'sports'),
	('Banshee 900R', 'banshee2', 255000, 'super'),
	('Bati 801', 'bati', 12000, 'motorcycles'),
	('Bati 801RR', 'bati2', 19000, 'motorcycles'),
	('Bestia GTS', 'bestiagts', 55000, 'sports'),
	('BF400', 'bf400', 6500, 'motorcycles'),
	('Bf Injection', 'bfinjection', 16000, 'offroad'),
	('Bifta', 'bifta', 12000, 'offroad'),
    ('Bison', 'bison', 45000, 'vans'),
    ('Blade', 'blade', 15000, 'muscle'),
    ('Blazer', 'blazer', 6500, 'offroad'),
    ('Blazer Sport', 'blazer4', 8500, 'offroad'),
    ('blazer5', 'blazer5', 1755600, 'offroad'),
    ('Blista', 'blista', 8000, 'compacts'),
    ('BMX     (velo)', 'bmx', 160, 'motorcycles'),
    ('Bobcat XL', 'bobcatxl', 32000, 'vans'),
    ('Brawler', 'brawler', 45000, 'offroad'),
    ('Brioso R/A', 'brioso', 18000, 'compacts'),
    ('Brioso 300', 'brioso2', 457500, 'compacts'),
    ('Btype', 'btype', 62000, 'sportsclassics'),
    ('Btype Hotroad', 'btype2', 155000, 'sportsclassics'),
    ('Btype Luxe', 'btype3', 85000, 'sportsclassics'),
    ('Buccaneer', 'buccaneer', 18000, 'muscle'),
    ('Buccaneer Rider', 'buccaneer2', 24000, 'muscle'),
    ('Buffalo', 'buffalo', 12000, 'sports'),
    ('Buffalo S', 'buffalo2', 20000, 'sports'),
    ('Buffalo STX', 'buffalo4', 1612500, 'muscle'),
    ('Bullet', 'bullet', 90000, 'super'),
    ('Burrito', 'burrito3', 19000, 'vans'),
    ('Calico GTF', 'calico', 1496250, 'sports'),
    ('Camper', 'camper', 42000, 'vans'),
    ('Caracara', 'caracara', 1775000, 'offroad'),
    ('Caracara 4x4', 'caracara2', 875000, 'offroad'),
    ('Carbonizzare', 'carbonizzare', 75000, 'sports'),
    ('Carbon RS', 'carbonrs', 18000, 'motorcycles'),
    ('Casco', 'casco', 30000, 'sportsclassics'),
    ('Cavalcade', 'cavalcade2', 55000, 'suvs'),
    ('Champion', 'champion', 2246250, 'super'),
    ('Cheburek', 'cheburek', 145000, 'sportsclassics'),
    ('Cheetah', 'cheetah', 375000, 'super'),
    ('Cheetah Classic', 'cheetah2', 865000, 'sportsclassics'),
    ('Chimera', 'chimera', 38000, 'motorcycles'),
    ('Chino', 'chino', 15000, 'muscle'),
    ('Chino Luxe', 'chino2', 19000, 'muscle'),
    ('Cinquemila', 'cinquemila', 1740000, 'sedans'),
    ('Cliffhanger', 'cliffhanger', 9500, 'motorcycles'),
    ('Clique', 'clique', 909000, 'muscle'),
    ('BF Club', 'club', 1280000, 'compacts'),
    ('Cognoscenti Cabrio', 'cogcabrio', 55000, 'coupes'),
    ('Cognoscenti', 'cognoscenti', 55000, 'sedans'),
    ('Comet', 'comet2', 65000, 'sports'),
    ('Comet Retro Custom', 'comet3', 645000, 'sports'),
    ('Comet Safari', 'comet4', 710000, 'sports'),
    ('Comet 5', 'comet5', 1145000, 'sports'),
    ('Comet S2', 'comet6', 1408500, 'sports'),
    ('Comet S2 Cabrio', 'comet7', 1797000, 'sports'),
    ('Contender', 'contender', 70000, 'suvs'),
    ('Coquette', 'coquette', 65000, 'sports'),
    ('Coquette Classic', 'coquette2', 40000, 'sportsclassics'),
    ('Coquette BlackFin', 'coquette3', 55000, 'muscle'),
    ('Coquette D10', 'coquette4', 1510000, 'sports'),
    ('Cruiser     (velo)', 'cruiser', 510, 'motorcycles'),
    ('Cyclone', 'cyclone', 1890000, 'super'),
    ('Cypher', 'cypher', 1162500, 'sports'),
    ('Daemon', 'daemon', 11500, 'motorcycles'),
    ('Daemon High', 'daemon2', 13500, 'motorcycles'),
    ('Defiler', 'defiler', 9800, 'motorcycles'),
    ('Deity', 'deity', 1383750, 'sedans'),
    ('Deluxo', 'deluxo', 4721500, 'sportsclassics'),
    ('Deveste Eight', 'deveste', 1795000, 'super'),
    ('Deviant', 'deviant', 512000, 'muscle'),
    ('Dominator', 'dominator', 35000, 'muscle'),
    ('Dominator GTX', 'dominator3', 725000, 'muscle'),
    ('Dominator ASP', 'dominator7', 1331250, 'muscle'),
    ('Dominator GTT', 'dominator8', 915000, 'muscle'),
    ('Double T', 'double', 28000, 'motorcycles'),
    ('Drafter', 'drafter', 718000, 'sports'),
    ('Dubsta', 'dubsta', 45000, 'suvs'),
    ('Dubsta Luxuary', 'dubsta2', 60000, 'suvs'),
    ('Bubsta 6x6', 'dubsta3', 120000, 'offroad'),
    ('Dukes', 'dukes', 28000, 'muscle'),
    ('Beater Dukes', 'dukes3', 378000, 'muscle'),
    ('Dune Buggy', 'dune', 8000, 'offroad'),
    ('Dynasty', 'dynasty', 450000, 'sportsclassics'),
    ('Elegy', 'elegy2', 38500, 'sports'),
    ('Emerus', 'emerus', 2750000, 'super'),
    ('Emperor', 'emperor', 8500, 'sedans'),
    ('Enduro', 'enduro', 5500, 'motorcycles'),
    ('Entity XXR', 'entity2', 2305000, 'super'),
    ('Entity XF', 'entityxf', 425000, 'super'),
    ('Esskey', 'esskey', 4200, 'motorcycles'),
    ('Euros', 'euros', 1350000, 'sports'),
    ('Everon', 'everon', 1106250, 'offroad'),
    ('Exemplar', 'exemplar', 32000, 'coupes'),
    ('F620', 'f620', 40000, 'coupes'),
    ('Faction', 'faction', 20000, 'muscle'),
    ('Faction Rider', 'faction2', 30000, 'muscle'),
    ('Faction XL', 'faction3', 40000, 'muscle'),
    ('Fagaloa', 'fagaloa', 335000, 'sportsclassics'),
    ('Faggio', 'faggio', 1900, 'motorcycles'),
    ('Vespa', 'faggio2', 2800, 'motorcycles'),
    ('Felon', 'felon', 42000, 'coupes'),
    ('Felon GT', 'felon2', 55000, 'coupes'),
    ('Feltzer', 'feltzer2', 55000, 'sports'),
    ('Stirling GT', 'feltzer3', 65000, 'sportsclassics'),
    ('Fixter     (velo)', 'fixter', 225, 'motorcycles'),
    ('FMJ', 'fmj', 185000, 'super'),
    ('Fhantom', 'fq2', 17000, 'suvs'),
    ('Freecrawler', 'freecrawler', 597000, 'offroad'),
    ('Fugitive', 'fugitive', 12000, 'sedans'),
    ('Furore GT', 'furoregt', 45000, 'sports'),
    ('Fusilade', 'fusilade', 40000, 'sports'),
    ('Futo GTX', 'futo2', 1192500, 'sports'),
    ('Gargoyle', 'gargoyle', 16500, 'motorcycles'),
    ('Gauntlet', 'gauntlet', 30000, 'muscle'),
    ('Gauntlet Classic Custom', 'gauntlet5', 815000, 'muscle'),
    ('Gang Burrito', 'gburrito', 45000, 'vans'),
    ('Burrito', 'gburrito2', 29000, 'vans'),
    ('Glendale', 'glendale', 6500, 'sedans'),
    ('Glendale Custom', 'glendale2', 520000, 'sedans'),
    ('Grabger', 'granger', 50000, 'suvs'),
    ('Granger 3600LX', 'granger2', 1035000, 'suvs'),
    ('Gresley', 'gresley', 47500, 'suvs'),
    ('Growler', 'growler', 1220050, 'sports'),
    ('GT 500', 'gt500', 785000, 'sportsclassics'),
    ('Guardian', 'guardian', 45000, 'offroad'),
    ('Hakuchou', 'hakuchou', 31000, 'motorcycles'),
    ('Hakuchou Sport', 'hakuchou2', 55000, 'motorcycles'),
    ('Hellion', 'hellion', 835000, 'offroad'),
    ('Hermes', 'hermes', 535000, 'muscle'),
    ('Hexer', 'hexer', 12000, 'motorcycles'),
    ('Hotknife', 'hotknife', 125000, 'muscle'),
    ('Huntley S', 'huntley', 40000, 'suvs'),
    ('Hustler', 'hustler', 625000, 'muscle'),
    ('Ignus', 'ignus', 2765000, 'super'),
    ('Imorgon', 'imorgon', 2165000, 'sports'),
    ('Infernus', 'infernus', 180000, 'super'),
    ('Innovation', 'innovation', 23500, 'motorcycles'),
    ('Intruder', 'intruder', 7500, 'sedans'),
    ('Issi', 'issi2', 10000, 'compacts'),
    ('Issi Classic', 'issi3', 270000, 'compacts'),
    ('Issi Sport', 'issi7', 897000, 'sports'),
    ('Itali RSX', 'italirsx', 2598750, 'sports'),
    ('I-Wagen', 'iwagen', 1729000, 'suvs'),
    ('Jackal', 'jackal', 38000, 'coupes'),
    ('Jester', 'jester', 65000, 'sports'),
    ('Jester    (Racecar)', 'jester2', 135000, 'sports'),
    ('Jester RR', 'jester4', 1477500, 'sports'),
    ('Journey', 'journey', 6500, 'vans'),
    ('Jubilee', 'jubilee', 1237500, 'suvs'),
    ('Jugular', 'jugular', 918750, 'sports'),
    ('Kamacho', 'kamacho', 345000, 'offroad'),
    ('Blista Kanjo', 'kanjo', 435000, 'compacts'),
    ('Khamelion', 'khamelion', 38000, 'sports'),
    ('Komoda', 'komoda', 1700000, 'sports'),
    ('Krieger', 'krieger', 2875000, 'super'),
    ('Kuruma', 'kuruma', 30000, 'sports'),
    ('Landstalker', 'landstalker', 35000, 'suvs'),
    ('Landstalker XL', 'landstalker2', 1220000, 'suvs'),
    ('RE-7B', 'le7b', 325000, 'super'),
    ('Lynx', 'lynx', 40000, 'sports'),
    ('Mamba', 'mamba', 70000, 'sports'),
    ('Manana', 'manana', 12800, 'sportsclassics'),
    ('Manana Custom', 'manana2', 925000, 'muscle'),
    ('Manchez', 'manchez', 5300, 'motorcycles'),
    ('Manchez Scout', 'manchez2', 225000, 'motorcycles'),
    ('Massacro', 'massacro', 65000, 'sports'),
    ('Massacro    (Racecar)', 'massacro2', 130000, 'sports'),
    ('Mesa', 'mesa', 16000, 'suvs'),
    ('Mesa Trail', 'mesa3', 40000, 'suvs'),
    ('Minivan', 'minivan', 13000, 'vans'),
    ('Monroe', 'monroe', 55000, 'sportsclassics'),
    ('The Liberator', 'monster', 210000, 'offroad'),
    ('Moonbeam', 'moonbeam', 18000, 'vans'),
    ('Moonbeam Rider', 'moonbeam2', 35000, 'vans'),
    ('Nebula Turbo', 'nebula', 797000, 'sportsclassics'),
    ('Nemesis', 'nemesis', 5800, 'motorcycles'),
    ('Neo', 'neo', 1875000, 'sports'),
    ('Neon', 'neon', 1500000, 'sports'),
    ('Nero', 'nero', 1440000, 'super'),
    ('Nero Custom', 'nero2', 2045000, 'super'),
    ('Nightblade', 'nightblade', 35000, 'motorcycles'),
    ('Nightshade', 'nightshade', 65000, 'muscle'),
    ('9F', 'ninef', 65000, 'sports'),
    ('9F Cabrio', 'ninef2', 80000, 'sports'),
    ('Novak', 'novak', 608000, 'suvs'),
    ('Omnis', 'omnis', 35000, 'sports'),
    ('Oppressor', 'oppressor', 3524500, 'super'),
    ('Oracle XS', 'oracle2', 35000, 'coupes'),
    ('Osiris', 'osiris', 160000, 'super'),
    ('Panto', 'panto', 10000, 'compacts'),
    ('Paradise', 'paradise', 19000, 'vans'),
    ('Paragon R', 'paragon', 905000, 'sports'),
    ('Pariah', 'pariah', 1420000, 'sports'),
    ('Patriot', 'patriot', 55000, 'suvs'),
    ('Patriot Stretch', 'patriot2', 460000, 'suvs'),
    ('Festival Bus', 'pbus2', 1385000, 'utility'),
    ('PCJ-600', 'pcj', 6200, 'motorcycles'),
    ('Penumbra', 'penumbra', 28000, 'sports'),
    ('Peyote Gasser', 'peyote2', 805000, 'muscle'),
    ('Peyote Custom', 'peyote3', 620000, 'sportsclassics'),
    ('Pfister', 'pfister811', 85000, 'super'),
    ('Phoenix', 'phoenix', 12500, 'muscle'),
    ('Picador', 'picador', 18000, 'muscle'),
    ('Pigalle', 'pigalle', 20000, 'sportsclassics'),
    ('Prairie', 'prairie', 12000, 'compacts'),
    ('Premier', 'premier', 8000, 'sedans'),
    ('Previon', 'previon', 1117500, 'coupes'),
    ('Primo Custom', 'primo2', 14000, 'sedans'),
    ('X80 Proto', 'prototipo', 2500000, 'super'),
    ('Radius', 'radi', 29000, 'suvs'),
    ('raiden', 'raiden', 1375000, 'sports'),
    ('Rapid GT', 'rapidgt', 35000, 'sports'),
    ('Rapid GT Convertible', 'rapidgt2', 45000, 'sports'),
    ('Rapid GT3', 'rapidgt3', 885000, 'sportsclassics'),
    ('Reaper', 'reaper', 150000, 'super'),
    ('Rebel', 'rebel2', 35000, 'offroad'),
    ('Rebla GTS', 'rebla', 1175000, 'suvs'),
    ('Reever', 'reever', 1900000, 'motorcycles'),
    ('Regina', 'regina', 5000, 'sedans'),
    ('Remus', 'remus', 1027500, 'sports'),
    ('Retinue', 'retinue', 615000, 'sportsclassics'),
    ('Revolter', 'revolter', 1610000, 'sports'),
    ('riata', 'riata', 380000, 'offroad'),
    ('Rocoto', 'rocoto', 45000, 'suvs'),
    ('Rampant Rocket Tricycle', 'rrocket', 925000, 'motorcycles'),
    ('RT3000', 'rt3000', 1286250, 'sports'),
    ('Ruffian', 'ruffian', 6800, 'motorcycles'),
    ('Ruiner 2', 'ruiner2', 5745600, 'muscle'),
    ('Rumpo', 'rumpo', 15000, 'vans'),
    ('Rumpo Trail', 'rumpo3', 19500, 'vans'),
    ('S80RR', 's80', 2575000, 'super'),
    ('Sabre Turbo', 'sabregt', 20000, 'muscle'),
    ('Sabre GT', 'sabregt2', 25000, 'muscle'),
    ('Sanchez', 'sanchez', 5300, 'motorcycles'),
    ('Sanchez Sport', 'sanchez2', 5300, 'motorcycles'),
    ('Sanctus', 'sanctus', 25000, 'motorcycles'),
    ('Sandking', 'sandking', 55000, 'offroad'),
    ('Savestra', 'savestra', 990000, 'sportsclassics'),
    ('SC 1', 'sc1', 1603000, 'super'),
    ('Schafter', 'schafter2', 25000, 'sedans'),
    ('Schafter V12', 'schafter3', 50000, 'sports'),
    ('Schlagen GT', 'schlagen', 1300000, 'sports'),
    ('Scorcher     (velo)', 'scorcher', 280, 'motorcycles'),
    ('Seminole', 'seminole', 25000, 'suvs'),
    ('Sentinel', 'sentinel', 32000, 'coupes'),
    ('Sentinel XS', 'sentinel2', 40000, 'coupes'),
    ('Sentinel3', 'sentinel3', 650000, 'sports'),
    ('Seven 70', 'seven70', 39500, 'sports'),
    ('ETR1', 'sheava', 220000, 'super'),
    ('Shinobi', 'shinobi', 1488300, 'motorcycles'),
    ('Shotaro Concept', 'shotaro', 320000, 'motorcycles'),
    ('Slamtruck', 'slamtruck', 1310000, 'utility'),
    ('Slam Van', 'slamvan3', 11500, 'muscle'),
    ('Sovereign', 'sovereign', 22000, 'motorcycles'),
    ('Squaddie', 'squaddie', 1130000, 'suvs'),
    ('Stafford', 'stafford', 1272000, 'sedans'),
    ('Stinger', 'stinger', 80000, 'sportsclassics'),
    ('Stinger GT', 'stingergt', 75000, 'sportsclassics'),
    ('Streiter', 'streiter', 500000, 'sports'),
    ('Stretch', 'stretch', 90000, 'sedans'),
    ('Stromberg', 'stromberg', 3185350, 'sports'),
    ('Stryder', 'stryder', 502500, 'motorcycles'),
    ('Sugoi', 'sugoi', 918000, 'sports'),
    ('Sultan', 'sultan', 15000, 'sports'),
    ('Sultan Classic', 'sultan2', 1718000, 'sports'),
    ('Sultan RS Classic', 'sultan3', 1341750, 'sports'),
    ('Sultan RS', 'sultanrs', 65000, 'super'),
    ('Super Diamond', 'superd', 130000, 'sedans'),
    ('Surano', 'surano', 50000, 'sports'),
    ('Surfer', 'surfer', 12000, 'vans'),
    ('T20', 't20', 300000, 'super'),
    ('Tailgater', 'tailgater', 30000, 'sedans'),
    ('Tailgater S', 'tailgater2', 1121250, 'sedans'),
    ('Tampa', 'tampa', 16000, 'muscle'),
    ('Drift Tampa', 'tampa2', 80000, 'sports'),
    ('Thrax', 'thrax', 2325000, 'super'),
    ('Thrust', 'thrust', 24000, 'motorcycles'),
    ('Toreador', 'toreador', 3660000, 'sportsclassics'),
    ('Torero', 'torero', 998000, 'sportsclassics'),
    ('Toros', 'toros', 498000, 'suvs'),
    ('Tri bike     (velo)', 'tribike3', 520, 'motorcycles'),
    ('Trophy Truck', 'trophytruck', 60000, 'offroad'),
    ('Trophy Truck Limited', 'trophytruck2', 80000, 'offroad'),
    ('Tropos', 'tropos', 40000, 'sports'),
    ('Tulip', 'tulip', 718000, 'muscle'),
    ('Turismo R', 'turismor', 350000, 'super'),
    ('Tyrus', 'tyrus', 600000, 'super'),
    ('Vacca', 'vacca', 120000, 'super'),
    ('Vader', 'vader', 7200, 'motorcycles'),
    ('Vagner', 'vagner', 1535000, 'super'),
    ('Vagrant', 'vagrant', 1660500, 'offroad'),
    ('Vamos', 'vamos', 596000, 'muscle'),
    ('Vectre', 'vectre', 1338750, 'sports'),
    ('Verlierer', 'verlierer2', 70000, 'sports'),
    ('Verus', 'verus', 192000, 'offroad'),
    ('Veto Classic     (Go-Kart)', 'veto', 895000, 'sports'),
    ('Veto Modern     (Go-Kart)', 'veto2', 995000, 'sports'),
    ('Vigero', 'vigero', 12500, 'muscle'),
    ('Virgo', 'virgo', 14000, 'muscle'),
    ('Viseris', 'viseris', 875000, 'sportsclassics'),
    ('Visione', 'visione', 2250000, 'super'),
    ('Voltic', 'voltic', 90000, 'super'),
    ('Voltic 2', 'voltic2', 3830400, 'super'),
    ('Voodoo', 'voodoo', 7200, 'muscle'),
    ('Vortex', 'vortex', 9800, 'motorcycles'),
    ('V-STR', 'vstr', 1285000, 'sports'),
    ('Warrener', 'warrener', 4000, 'sedans'),
    ('Warrener HKR', 'warrener2', 945000, 'sedans'),
    ('Washington', 'washington', 9000, 'sedans'),
    ('Weevil', 'weevil', 652500, 'compacts'),
    ('Windsor', 'windsor', 95000, 'coupes'),
    ('Windsor Drop', 'windsor2', 125000, 'coupes'),
    ('Woflsbane', 'wolfsbane', 9000, 'motorcycles'),
    ('XA-21', 'xa21', 2375000, 'super'),
    ('XLS', 'xls', 32000, 'suvs'),
    ('Yosemite', 'yosemite', 485000, 'muscle'),
    ('Drift Yosemite', 'yosemite2', 981000, 'muscle'),
    ('Yosemite Rancher', 'yosemite3', 700000, 'offroad'),
    ('Youga', 'youga', 10800, 'vans'),
    ('Youga Luxuary', 'youga2', 14500, 'vans'),
    ('Youga Classic 4x4', 'youga3', 1288000, 'vans'),
    ('Z190', 'z190', 900000, 'sportsclassics'),
    ('Zeno', 'zeno', 2820000, 'super'),
    ('Zentorno', 'zentorno', 1500000, 'super'),
    ('Zion', 'zion', 36000, 'coupes'),
    ('Zion Cabrio', 'zion2', 45000, 'coupes'),
    ('Zion Classic', 'zion3', 812000, 'sportsclassics'),
    ('Zombie', 'zombiea', 9500, 'motorcycles'),
    ('Zombie Luxuary', 'zombieb', 12000, 'motorcycles'),
    ('Zorrusso', 'zorrusso', 1925000, 'super'),
    ('ZR350', 'zr350', 1211250, 'sports'),
    ('Z-Type', 'ztype', 220000, 'sportsclassics');